T,TM,Tm,SLP,H,VV,V,VM,PM 2.5
25.8,30.5,22.0,-,81.0,5.0,7.0,16.5,284.79583333333335
25.3,31.2,21.3,-,82.0,3.4,5.2,16.5,219.72083333333333
25.7,31.3,22.0,-,80.0,4.3,5.2,14.8,182.1875
25.6,31.0,21.7,-,73.0,4.7,7.0,20.6,154.03750000000005
26.0,31.0,22.4,-,78.0,4.8,6.3,20.6,223.20833333333331
25.7,31.0,22.0,-,76.0,4.3,4.8,22.2,200.64583333333337
24.5,30.5,19.5,-,74.0,3.7,5.0,18.3,285.225
23.7,30.5,19.3,-,78.0,3.9,0.9,9.4,236.825
24.3,30.3,19.2,-,76.0,4.8,4.1,16.5,276.90833333333336
24.8,30.3,20.4,-,75.0,4.8,6.5,24.1,108.0
25.6,31.0,20.3,-,75.0,6.1,9.3,22.2,107.625
25.0,30.9,21.0,-,72.0,5.5,8.7,25.9,125.89166666666668
25.0,30.5,21.0,-,68.0,5.1,9.3,22.2,181.01250000000005
24.9,30.7,20.0,-,71.0,6.1,8.0,20.6,152.55416666666667
24.6,30.7,20.5,-,76.0,5.3,5.6,14.8,152.32083333333338
24.8,30.4,21.0,-,68.0,4.8,9.4,25.9,319.7375
24.3,30.4,20.0,-,63.0,6.0,8.9,25.9,332.7083333333333
24.4,30.5,19.8,-,69.0,5.1,7.8,22.2,279.6
24.8,31.2,19.4,-,72.0,5.1,8.3,20.6,179.11666666666667
25.9,31.8,21.2,-,79.0,3.5,8.0,20.6,54.79166666666666
25.7,31.9,22.0,-,75.0,5.3,7.2,22.2,93.375
26.2,31.9,21.0,-,71.0,4.8,10.2,25.9,103.0
26.7,31.4,23.5,-,73.0,5.6,11.9,24.1,132.20833333333334
27.3,31.9,24.2,-,75.0,6.0,10.9,22.2,127.70833333333331
26.3,31.9,23.0,-,85.0,5.0,6.3,16.5,109.33333333333331
27.2,31.5,23.0,-,75.0,5.8,10.7,22.2,56.45833333333334
26.1,31.8,22.2,-,76.0,5.6,10.4,25.9,135.83333333333334
25.9,31.8,21.9,-,72.0,5.8,10.2,25.9,122.5
25.2,32.2,19.8,-,69.0,5.5,5.0,16.5,69.66666666666667
25.4,33.9,19.8,-,64.0,4.8,6.1,24.1,79.83333333333333
26.4,33.9,20.0,-,65.0,5.5,7.8,22.2,62.70833333333334
26.3,32.7,19.8,-,61.0,5.8,8.0,25.9,21.20833333333333
26.6,32.9,21.5,-,71.0,5.5,8.1,22.2,1.9166666666666667
26.0,33.2,20.5,-,64.0,6.0,10.0,25.9,1.8333333333333333
27.4,31.4,22.8,-,82.0,6.0,10.2,22.2,105.83333333333331
28.0,32.4,24.8,-,75.0,6.4,9.8,18.3,117.58333333333331
28.1,33.1,24.3,-,78.0,5.8,7.8,18.3,122.70833333333331
27.3,33.1,21.9,-,72.0,5.8,9.6,20.6,111.95833333333331
27.9,33.2,22.3,-,68.0,5.6,9.8,20.6,59.20833333333334
27.8,33.2,23.4,-,72.0,6.4,10.4,22.2,77.20833333333333
27.7,33.4,22.4,-,72.0,5.3,8.9,20.6,98.70833333333331
28.0,33.2,23.0,-,73.0,5.6,8.9,18.3,123.70833333333331
28.4,35.3,23.0,-,61.0,5.6,10.2,24.1,64.79166666666667
29.0,35.0,24.0,-,70.0,6.3,8.7,22.2,52.33333333333334
29.6,35.2,24.0,-,66.0,6.3,12.2,25.9,52.04166666666666
29.7,35.7,25.0,-,72.0,7.7,12.4,24.1,128.33333333333334
29.8,35.2,26.0,-,73.0,6.4,15.4,25.9,0.0
29.8,34.8,24.9,-,74.0,6.4,13.7,25.9,23.20833333333333
29.5,34.5,26.0,-,76.0,6.3,13.0,29.4,15.166666666666664
28.9,34.0,25.0,-,71.0,5.6,11.7,25.9,21.25
31.2,37.8,27.5,-,68.0,6.3,16.5,27.8,81.83333333333333
30.3,37.8,27.0,-,74.0,6.3,12.6,24.1,105.33333333333331
30.2,36.3,26.6,-,73.0,6.3,13.5,22.2,117.75
30.4,35.2,26.0,-,70.0,6.8,15.9,27.8,84.5
30.8,35.5,26.8,-,70.0,6.3,13.1,27.8,46.91666666666666
31.4,37.5,27.3,-,66.0,6.4,15.9,24.1,104.625
31.1,38.3,26.0,-,65.0,6.0,13.9,27.8,110.875
31.2,36.9,26.0,-,63.0,6.0,16.3,27.8,42.95833333333334
30.7,36.9,27.4,-,68.0,6.9,15.7,25.9,0.0
30.4,35.2,27.0,-,70.0,6.8,12.6,25.9,120.875
30.3,35.8,27.0,-,70.0,6.4,10.7,27.8,79.91666666666667
30.7,35.8,26.0,-,66.0,6.4,13.0,22.2,0.0
30.9,36.3,26.8,-,68.0,6.9,13.0,24.1,94.75
31.4,36.8,26.8,-,66.0,7.4,14.1,22.2,142.5
31.9,38.1,27.8,-,67.0,6.4,15.4,25.9,133.375
31.3,36.6,27.0,-,69.0,6.9,13.5,25.9,147.83333333333334
32.4,37.7,28.1,-,64.0,6.6,14.3,25.9,158.29166666666666
32.4,38.0,28.1,-,67.0,6.4,13.9,25.9,149.58333333333334
29.7,39.7,23.0,-,69.0,5.6,11.3,22.2,101.5
31.2,36.8,27.5,-,67.0,5.0,11.3,22.2,106.5
32.0,39.1,28.0,-,62.0,5.8,11.3,20.6,128.125
31.3,37.5,27.5,-,66.0,6.4,16.3,27.8,101.95833333333331
31.3,37.5,27.7,-,68.0,6.8,15.9,25.9,98.41666666666669
31.4,38.0,27.7,-,63.0,6.0,15.0,25.9,94.375
34.4,42.5,30.0,-,41.0,6.3,14.8,24.1,107.625
33.4,42.8,28.0,-,43.0,6.9,18.3,27.8,110.41666666666669
31.2,42.8,28.0,-,50.0,6.4,14.6,29.4,95.83333333333331
29.8,36.8,26.0,-,65.0,6.4,13.0,22.2,72.25
29.5,36.8,26.0,-,65.0,6.4,12.0,18.3,38.66666666666666
28.0,37.5,24.0,-,72.0,6.4,12.2,18.3,45.375
30.4,37.5,24.2,-,60.0,6.3,12.6,22.2,65.16666666666667
30.2,38.4,25.0,-,70.0,7.1,12.2,22.2,66.08333333333333
30.7,36.4,25.6,-,61.0,6.3,14.8,22.2,77.66666666666667
31.8,37.1,27.4,-,50.0,6.6,15.6,25.9,70.25
31.2,34.4,28.0,-,51.0,4.8,17.4,24.1,56.29166666666666
31.9,37.2,27.0,-,48.0,5.0,13.7,24.1,77.0
31.5,37.2,26.5,-,54.0,6.0,18.7,63.0,32.958333333333336
32.9,39.2,29.1,-,50.0,7.7,17.2,24.1,80.625
32.7,39.2,28.9,-,50.0,6.6,17.2,24.1,90.70833333333331
32.5,38.5,29.0,-,51.0,6.6,15.9,25.9,97.29166666666669
32.6,37.6,28.0,-,49.0,6.6,16.7,25.9,50.70833333333334
32.0,38.2,29.0,-,55.0,6.6,14.4,22.2,40.375
30.3,38.2,26.0,-,63.0,5.6,13.7,22.2,49.41666666666666
31.1,37.6,26.2,-,58.0,6.1,13.3,22.2,61.875
30.2,37.6,26.9,-,60.0,6.1,15.2,22.2,0.0
30.8,37.6,26.0,-,57.0,6.4,14.3,25.9,29.66666666666667
28.7,34.1,23.0,-,72.0,6.0,9.3,18.3,49.125
28.3,34.1,24.9,-,74.0,5.8,8.7,16.5,43.66666666666666
29.1,33.5,25.9,-,64.0,6.1,11.1,22.2,29.83333333333333
30.6,36.4,25.5,-,64.0,6.1,13.0,22.2,35.208333333333336
30.8,36.4,26.2,-,63.0,7.4,12.2,22.2,37.625
29.0,36.1,24.0,-,71.0,5.8,12.2,22.2,41.458333333333336
26.7,33.4,23.5,-,80.0,4.7,9.3,18.3,38.583333333333336
28.7,34.3,23.2,-,73.0,5.3,13.1,22.2,36.0
29.0,34.3,24.1,-,71.0,5.1,12.4,25.9,70.58333333333333
28.8,31.3,25.8,-,65.0,5.8,12.8,20.6,33.166666666666664
30.0,35.0,25.6,-,61.0,6.6,14.3,25.9,38.25
30.4,36.0,26.2,-,63.0,7.4,15.7,22.2,26.58333333333333
30.8,36.8,27.0,-,50.0,6.3,17.0,25.9,15.416666666666664
30.7,36.8,27.0,-,54.0,6.1,13.9,25.9,41.375
29.9,36.8,26.0,-,66.0,5.8,10.4,20.6,25.54166666666667
29.5,36.7,25.0,-,64.0,6.1,11.5,22.2,28.375
29.5,35.3,25.4,-,68.0,6.1,10.2,20.6,50.33333333333334
30.4,36.2,25.8,-,66.0,6.4,12.0,22.2,35.375
29.4,36.4,25.0,-,69.0,6.3,14.4,33.5,31.91666666666667
28.6,34.1,24.0,-,73.0,5.3,10.0,18.3,35.291666666666664
24.8,34.1,23.9,-,90.0,3.4,11.3,22.2,26.83333333333333
26.1,28.7,22.5,-,85.0,4.7,14.4,24.1,21.125
29.9,34.7,26.0,-,68.0,6.4,13.7,25.9,35.708333333333336
29.1,34.7,26.0,-,69.0,5.5,13.0,27.8,43.58333333333334
29.4,34.8,25.0,-,65.0,6.0,12.2,25.9,46.04166666666666
30.3,36.1,26.1,-,64.0,6.4,12.4,18.3,82.875
29.9,36.1,25.8,-,67.0,7.1,11.1,18.3,64.91666666666667
29.9,35.0,26.4,-,71.0,6.4,11.7,22.2,30.66666666666667
30.1,34.2,26.3,-,72.0,6.4,11.9,18.3,34.416666666666664
30.1,34.2,26.5,-,73.0,6.1,11.5,22.2,33.166666666666664
29.3,34.3,25.5,-,72.0,5.8,10.4,22.2,30.625
29.0,37.0,23.0,-,68.0,5.8,11.5,22.2,30.33333333333333
29.0,35.2,24.4,-,73.0,5.8,11.7,18.3,0.0
27.6,33.0,25.0,-,83.0,4.5,5.4,14.8,0.0
27.7,34.0,23.1,-,81.0,4.8,7.0,14.8,0.0
27.1,31.3,24.4,-,87.0,4.8,5.2,14.8,76.875
28.3,33.0,24.9,-,80.0,5.5,5.4,13.0,83.45833333333333
29.4,35.0,25.0,-,75.0,6.9,10.2,22.2,71.66666666666667
30.1,35.2,23.5,-,70.0,6.6,11.3,18.3,69.70833333333333
30.3,34.8,26.2,-,64.0,6.4,15.2,25.9,62.375
29.7,34.8,25.8,-,66.0,5.6,11.7,27.8,24.875
29.2,36.0,26.6,-,75.0,5.0,9.1,18.3,43.95833333333334
29.4,34.2,26.2,-,76.0,5.0,10.2,20.6,41.5
30.1,36.0,25.4,-,73.0,5.8,10.2,20.6,38.79166666666666
30.5,35.2,24.5,-,66.0,6.4,9.8,22.2,30.33333333333333
29.8,35.2,27.0,-,72.0,6.3,10.0,22.2,26.66666666666667
27.8,34.8,23.6,-,78.0,5.1,8.5,18.3,29.0
29.0,35.1,25.0,-,71.0,6.1,12.4,18.3,61.70833333333334
29.0,34.8,24.2,-,73.0,5.5,11.1,22.2,60.54166666666666
27.3,34.3,23.4,-,76.0,4.8,10.7,22.2,41.583333333333336
29.4,34.3,26.3,-,68.0,5.8,10.7,20.6,80.04166666666667
30.4,35.8,25.4,-,69.0,6.4,9.8,22.2,82.83333333333333
28.4,35.8,24.4,-,78.0,5.1,8.0,22.2,95.25
27.7,32.8,23.0,-,77.0,4.8,7.2,14.8,126.16666666666669
25.5,32.5,22.7,-,85.0,4.0,8.7,22.2,136.70833333333334
25.1,29.8,22.5,-,87.0,5.1,12.6,22.2,160.66666666666666
27.8,32.0,24.0,-,80.0,4.8,13.3,20.6,245.66666666666663
28.8,34.0,23.1,-,79.0,4.7,12.0,18.3,261.6666666666667
28.2,34.0,24.0,-,76.0,4.5,10.7,31.7,272.4166666666667
27.7,32.1,24.0,-,75.0,5.0,7.2,16.5,149.625
28.0,32.1,25.0,-,79.0,5.6,9.8,24.1,99.70833333333331
27.8,32.0,24.7,-,79.0,6.6,10.0,24.1,217.375
27.3,32.0,24.1,-,81.0,5.6,9.1,22.2,309.375
26.8,31.4,22.0,-,73.0,4.8,10.4,25.9,321.5416666666667
26.1,31.4,22.4,-,68.0,5.1,9.3,22.2,278.0
26.5,31.3,23.0,-,68.0,4.3,10.4,22.2,192.33333333333331
25.7,30.8,22.0,-,70.0,4.8,9.1,25.9,224.16666666666663
25.3,30.8,22.0,-,72.0,5.0,10.0,22.2,196.75
25.4,30.3,22.0,-,79.0,3.5,12.4,24.1,221.54166666666663
26.4,30.8,22.4,-,81.0,4.3,7.8,18.3,166.70833333333334
26.6,31.1,23.0,-,79.0,4.7,7.0,18.3,130.70833333333334
28.0,33.1,23.3,-,73.0,4.8,6.7,14.8,194.70833333333331
26.6,31.0,23.0,-,83.0,5.5,7.2,20.6,134.45833333333334
26.3,31.6,22.0,-,76.0,5.0,6.9,18.3,110.0
25.9,31.6,21.9,-,74.0,4.2,5.4,14.8,160.0
25.5,30.4,24.0,-,90.0,3.7,5.7,16.5,118.91666666666669
25.4,28.1,23.0,-,90.0,2.9,6.1,14.8,176.375
25.7,29.8,22.0,-,80.0,3.5,10.0,22.2,185.95833333333331
23.7,27.9,22.0,-,83.0,2.7,13.7,24.1,239.125
24.3,27.6,20.7,-,71.0,4.7,11.7,25.9,365.29166666666674
24.7,30.5,20.0,-,58.0,6.1,7.2,18.3,312.2083333333333
26.0,30.3,23.9,-,83.0,5.5,8.7,18.3,121.33333333333331
25.4,30.3,22.0,-,81.0,3.4,9.1,22.2,202.875
23.8,29.9,19.0,-,66.0,4.8,7.6,22.2,260.1666666666667
23.6,29.2,19.0,-,67.0,4.8,6.9,18.3,277.7083333333333
23.4,29.2,18.6,-,66.0,5.1,5.7,16.5,284.1666666666667
23.5,29.2,18.8,-,72.0,5.8,5.6,14.8,288.4166666666667
24.6,29.2,21.0,-,71.0,4.7,8.7,22.2,166.91666666666666
24.3,29.2,20.4,-,69.0,4.7,6.1,18.3,169.0
25.1,30.4,21.0,-,69.0,4.2,6.5,18.3,186.04166666666663
25.6,29.5,20.0,-,69.0,5.0,13.1,24.1,108.08333333333331
25,29.5,21.6,-,76,4.3,10.7,22.2,255.875
25.6,29.1,23,-,71,4.7,12,24.1,217.08333333333334
24.9,29.4,22,-,75,3.5,8.5,22.2,229.16666666666666
24.7,29.9,20.5,-,74,5,10.4,20.6,298.4583333333333
25.2,29.9,21,-,72,4.3,9.6,22.2,264.9166666666667
24.9,29.8,22,-,76,3.9,8.5,18.3,404.5
25.3,30,20.8,-,73,5,8.5,18.3,188.5
25.1,29.9,22,-,72,5.8,6.1,16.5,164.75
25,30.1,20.7,-,74,4.8,6.5,14.8,376.9166666666667
25.8,30.2,22,-,74,5.8,12.6,25.9,0.0
25.6,30.2,22,-,69,6,9.4,24.1,0.0
25.4,30,20.8,-,66,5.6,14.1,27.8,57.0
25.1,30.3,21,-,67,5.3,9.4,24.1,202.91666666666666
25.6,30.3,21.5,-,66,4.7,13.3,25.9,205.125
26.2,30.3,22,-,60,5.6,13.9,25.9,214.125
25.7,30.6,20,-,70,4.8,11.9,24.1,315.7916666666667
26.4,30.1,23,-,70,5.1,13.7,25.9,322.25
25,30.5,21,-,72,5,8.7,24.1,246.04166666666666
24.9,30.7,20,-,67,4.2,9.1,22.2,200.91666666666666
24.2,32.3,18.6,-,62,4.2,5.9,14.8,99.5
24.6,32.3,18,-,63,4.5,8.3,20.6,143.91666666666666
25.1,32.3,17.8,-,59,5.5,8.1,20.6,100.25
26.1,31.3,20.4,-,67,4.8,12.2,22.2,165.0
25.9,30.8,21,-,70,5.3,9.1,20.6,116.45833333333333
26.1,30.8,21.8,-,73,5.1,10.4,25.9,143.0
26.2,31.1,22,-,70,5.6,13.5,24.1,231.125
25.6,30.7,21,-,66,5.3,10.9,22.2,218.66666666666666
25,30.3,21,-,66,5.3,10.7,22.2,211.0
26.1,31.1,22,-,70,6,12,24.1,52.208333333333336
25.6,31.4,21,-,67,6.6,8.7,22.2,187.5
26,31.4,20.2,-,66,6.1,9.8,22.2,130.16666666666666
26.9,32,23,-,64,5.8,10,20.6,123.125
27.2,31.8,22,-,67,5.8,13.1,22.2,120.91666666666667
27.6,31.8,23.2,-,67,6.3,16.3,24.1,153.625
27.2,31.4,23,-,65,6.8,13.1,22.2,130.33333333333334
26.7,31.4,22.8,-,66,5.6,12.8,24.1,110.70833333333333
27.2,31.3,23,-,66,5.5,11.3,24.1,138.5
26.4,32.5,22,-,69,5,8.9,16.5,75.75
26.4,33.2,22,-,60,5.1,7.4,18.3,146.54166666666666
26.8,33.2,21,-,65,6.1,8.1,20.6,116.625
28.3,35.9,22,-,68,5,8.1,22.2,80.04166666666667
28.9,35.1,24,-,73,5.8,10.9,24.1,100.04166666666667
29.4,36.4,25.1,-,69,6,11.7,22.2,109.45833333333333
28.6,34.4,23.7,-,68,5.6,8.9,22.2,110.16666666666667
27.6,34.4,23,-,70,5.5,9.3,22.2,108.20833333333333
28.3,35.1,23,-,64,5.3,8.5,22.2,103.83333333333333
31.1,39.2,23.6,-,47,6.6,11.9,18.3,74.29166666666667
30.8,39.2,23.8,-,52,6,13.3,24.1,101.79166666666667
29.6,38.4,25.8,-,71,5.3,12.8,22.2,106.16666666666667
29.3,35.8,25.2,-,68,6,12.4,24.1,89.875
30.3,37,25.7,-,65,6.8,14.4,25.9,48.208333333333336
30.8,37.5,25.7,-,68,7.1,17,22.2,47.041666666666664
31.2,37.9,26.7,-,65,5.8,10.9,22.2,67.79166666666667
30.3,35.4,26.9,-,72,6.1,14.3,24.1,56.666666666666664
30.1,34.8,26.7,-,68,5.5,11.9,20.6,79.0
29.9,34.7,25.9,-,67,6,9.1,22.2,123.58333333333333
29.7,35.5,25,-,65,6,11.3,22.2,80.29166666666667
29.5,35.2,24.4,-,67,6.6,9.3,20.6,137.875
30.1,35.6,25,-,65,5.6,10.6,22.2,87.875
31.4,37,25.8,-,67,6.6,13.7,25.9,121.20833333333333
31.4,37.9,27.4,-,66,6.4,12,22.2,97.04166666666667
31.1,37.9,27,-,67,6.6,13.3,18.3,92.08333333333333
31.6,37.1,27,-,64,6.9,14.1,24.1,130.625
31.4,37.1,27.6,-,65,7.1,14.1,24.1,90.5
31,37,28,-,67,6.4,13,22.2,55.416666666666664
28.6,33.2,25,-,77,4.8,9.4,20.6,108.33333333333333
28.7,34,24.6,-,73,5.8,12.6,24.1,198.875
30.2,34.5,25.3,-,71,6.3,15.7,25.9,120.70833333333333
32.4,38.6,28.8,-,66,5,13.1,24.1,60.541666666666664
32.7,40.5,27,-,53,6,14.4,24.1,79.0
33.5,40.5,27,-,42,5.8,11.5,20.6,133.70833333333334
31.4,37.8,27.3,-,67,6,13.5,22.2,53.25
31.6,37,29,-,65,5.6,13.3,22.2,65.16666666666667
32.8,39,28,-,55,6,15.4,22.2,83.58333333333333
32.6,41.1,28,-,62,6.3,16.7,25.9,40.666666666666664
31.8,41.1,28,-,68,6,13.1,22.2,48.125
32.2,38.8,27.2,-,59,6.3,14.1,22.2,103.16666666666667
33,40,28,-,62,6.1,12.4,24.1,143.375
32.7,40,29.2,-,65,6.1,13.7,24.1,44.791666666666664
30.3,38.4,25.6,-,78,6.3,13.1,24.1,71.95833333333333
30.8,36.3,24.6,-,68,6.3,9.3,25.9,17.5
33.9,41.8,28,-,56,6.4,14.8,24.1,101.0
33,41.8,23,-,57,6.1,14.6,22.2,76.20833333333333
26.3,38.2,23,-,86,4.8,13,22.2,84.33333333333333
33.2,37.5,30,-,53,6.1,15,24.1,48.833333333333336
32.3,36.8,29.8,-,57,6.3,12.4,22.2,64.45833333333333
33.1,39.8,29,-,55,7.1,13,31.7,80.54166666666667
33.9,39.5,30,-,47,7.2,18.7,27.8,65.41666666666667
32.9,39.2,30,-,54,6.3,15.4,22.2,54.666666666666664
31.8,39.2,26,-,57,5.5,13.7,24.1,78.54166666666667
33.2,40.1,29,-,54,6.6,12,27.8,49.125
32.6,39.8,30,-,57,6.4,13.9,24.1,65.875
31.8,39.8,28,-,68,5.8,13.1,22.2,72.41666666666667
31.4,37.7,26.1,-,64,6.4,14.3,24.1,184.66666666666666
32.1,37.2,28,-,59,6,14.3,22.2,113.33333333333333
32.7,39.1,28.5,-,59,7.1,15,24.1,146.20833333333334
29.9,35.8,26,-,74,5.5,13,22.2,112.29166666666667
30.3,35.8,25,-,70,7.1,13.3,20.6,60.625
29,35.5,25,-,71,6.4,13.1,24.1,71.0
30.7,35.3,27.4,-,61,8,13.3,27.8,153.41666666666666
30.8,35.8,28,-,62,6.4,15.6,27.8,134.95833333333334
31.4,35.5,28,-,56,6.6,16.1,24.1,81.125
31.8,35.2,29,-,55,6,18.1,27.8,52.25
31.8,37.1,28,-,59,6.4,15,25.9,160.375
31.9,37.5,28,-,59,6.6,13.9,25.9,99.375
31.2,38.5,26.8,-,61,6.3,12.8,24.1,31.458333333333332
30.2,37.7,26,-,66,6,14.1,22.2,47.375
30.5,35.3,27,-,61,6.6,14.6,25.9,38.166666666666664
32.2,37.8,29,-,57,6.1,14.4,25.9,35.958333333333336
32.4,38,27,-,56,7.2,13.3,22.2,25.083333333333332
30.4,38,26.4,-,63,6,13.3,22.2,45.833333333333336
30.3,37.3,26,-,65,5.6,13.5,27.8,33.708333333333336
30.4,34.1,25.8,-,65,5.6,13.1,22.2,26.416666666666668
28.5,36,24,-,69,5.1,12.4,24.1,30.666666666666668
27.6,34.3,24,-,77,6,12.4,20.6,29.958333333333332
29.2,35.7,23.6,-,72,5.8,11.5,16.5,23.875
30.1,35.6,26,-,65,6.6,15,25.9,22.333333333333332
29.9,35.8,25,-,68,6.6,13.3,22.2,25.083333333333332
29.8,34.4,24.8,-,70,6.6,13,22.2,66.79166666666667
29.6,34.4,26.7,-,74,6.1,13.1,22.2,64.875
30,34.9,25.9,-,69,6.4,13.5,22.2,47.583333333333336
29.1,35,22.2,-,74,6,9.3,16.5,33.5
29.3,34,24.8,-,72,6.4,10,18.3,43.041666666666664
28.1,31.3,26,-,73,5.3,7.6,14.8,38.416666666666664
31.4,36.2,27.8,-,53,6.6,17,25.9,49.291666666666664
30.3,36.2,26,-,66,6.3,14.4,25.9,19.541666666666668
30.2,36,25.1,-,69,6.8,14.3,22.2,22.833333333333332
28.8,36,24,-,75,5.8,9.8,20.6,24.291666666666668
29.1,35.5,26,-,71,6.8,10.6,24.1,74.66666666666667
28.9,35.5,24.1,-,74,5.8,12.6,22.2,41.875
29.9,37,25.3,-,64,6.6,12.6,22.2,50.583333333333336
28.9,35.4,24.4,-,74,6.3,8,22.2,58.125
28.6,35.8,25,-,76,6.8,11.7,20.6,57.291666666666664
28.4,35.4,23,-,74,6.1,11.9,22.2,38.25
29.5,35.1,25.6,-,69,6.3,13.3,22.2,47.416666666666664
29.7,35.1,25.4,-,70,6.4,9.8,18.3,56.916666666666664
29.8,35.3,25,-,72,6,10,18.3,54.625
29.3,34.6,25.4,1009.2,76,6.9,5.4,11.1,45.958333333333336
28.3,33.4,25,-,81,5.8,8.9,20.6,52.25
27.6,33.3,25,-,83,5.6,8,18.3,43.333333333333336
28.8,34,25,-,78,6.3,7.8,18.3,41.958333333333336
29.1,33.4,24.3,-,75,6,8.1,20.6,0.0
28.9,34,24.7,-,76,5.6,7,14.8,0.0
27.9,36,25,-,82,4.5,6.3,14.8,45.75
28.9,33.6,25,-,77,5.3,8,20.6,70.70833333333333
28.5,33.6,25.2,-,84,5,3.7,14.8,51.791666666666664
30.5,37.5,25.9,-,73,6,13,20.6,0.0
30.4,37.5,26,-,74,6.6,11.7,24.1,11.583333333333334
29.2,35,26.5,-,80,6,10,22.2,13.0
24.8,28,22.9,-,98,3.1,2.8,11.1,156.25
24.8,26,23.6,-,98,2.4,0.4,7.6,156.0
27.8,32,24,-,82,4.5,8.7,22.2,151.79166666666666
28.2,33,24.8,-,82,6.8,6.9,16.5,252.625
26.7,32.1,23.7,-,91,5,4.6,16.5,119.41666666666667
28.1,32,25,-,84,5.1,3.1,14.8,126.0
26.6,32.3,22,-,81,3.9,9.4,22.2,232.33333333333334
25.8,29.3,22,-,85,3.9,11.3,22.2,215.54166666666666
26.3,28.5,24.4,-,90,2.9,7.8,18.3,239.41666666666666
26.3,28.3,24,-,88,2.4,6.7,14.8,196.54166666666666
27.1,32.8,21.3,-,68,5.1,5.4,18.3,232.54166666666666
27.4,32.8,22.6,-,65,4.3,5.2,14.8,185.5
26.9,31.9,23.5,-,76,5.3,5.9,14.8,282.1666666666667
24.9,28,22.4,-,98,3.2,4.6,13,257.6666666666667
27.4,31,23,-,89,4.7,8,22.2,166.875
26.8,31,24.1,-,85,4.3,5.4,18.3,135.16666666666666
27.4,31.3,24,-,78,4.3,8.7,22.2,211.45833333333334
26.9,31.3,23.8,-,80,4.2,8,20.6,215.5
27,31.2,23.3,-,81,4.2,7.6,18.3,223.375
25.8,29.7,23,-,74,4.5,8.1,22.2,135.58333333333334
25.8,30.1,21.9,-,73,4.8,8.3,22.2,152.04166666666666
26.2,30.1,22.7,-,73,5,10.6,20.6,141.41666666666666
25.8,30,22,-,74,4.8,9.4,27.8,46.708333333333336
25.1,30.5,21,-,76,5,7,20.6,91.75
24.3,30.5,20.2,-,76,3.9,5.4,14.8,99.91666666666667
25.9,29.5,22.2,-,82,3.7,5.6,14.8,119.70833333333333
26.9,30.3,23.2,-,83,3.4,6.9,18.3,110.875
27.3,32,24,-,85,4.7,7.8,18.3,200.33333333333334
25,29.4,22.2,-,95,2.6,5.2,18.3,203.58333333333334
26.4,30,23,-,84,5.3,7.2,18.3,25.083333333333332
26.3,30,22,-,87,5,7.8,24.1,57.083333333333336
26.3,30.2,22,-,70,5.6,15.2,22.2,349.2916666666667
25.2,29,21,-,70,6.1,9.8,24.1,188.04166666666666
25,28.8,22,-,79,4.7,8.5,18.3,310.25
25.2,29.6,22,-,73,5.1,9.4,20.6,204.375
24.6,29.3,20.4,-,74,4,8.7,20.6,223.25
24.7,28.5,20.9,-,79,2.9,8.9,20.6,248.95833333333334
-,-,-,-,-,-,-,-,-
26.1,30.1,21.9,-,88,4.3,4.3,11.1,172.75
26.8,31,22.2,-,88,4.5,8.5,20.6,146.79166666666666
26.9,31,23,-,85,4.7,8.5,18.3,113.875
25.3,30.4,21.6,-,86,3.7,6.7,18.3,227.0
25.6,30.2,21.7,-,82,4.2,5.9,18.3,231.25
24.8,29.8,20,-,80,4.2,6.9,20.6,272.125
23.9,29.2,18.3,-,71,5.1,6.9,22.2,228.79166666666663
23.3,29.2,18.8,-,72,4.5,5.6,18.3,200.875
24.8,29.8,18.7,-,76,5.3,5.9,18.3,214.04166666666663
24,29.2,19,-,71,4.5,7.8,22.2,217.25
24.2,29.2,19,-,71,5.1,8,22.2,212.45833333333331
24.3,29.4,19.1,-,66,5.6,8.7,22.2,202.66666666666663
25.1,29.3,19.5,-,73,6.1,9.6,22.2,138.79166666666666
25.3,30,21,-,73,5,8.1,22.2,153.08333333333334
25.3,29.6,21.6,-,74,5.1,10.4,24.1,159.70833333333334
25.3,30,20.4,-,74,5.1,9.1,24.1,151.875
25.4,30,20.5,-,76,4.5,8.9,22.2,224.79166666666663
25.7,30,21,-,69,5.3,10.6,22.2,177.625
25.4,30.2,20.8,-,73,5.5,11.7,24.1,149.625
26.1,31,20.3,-,67,5.8,10.9,22.2,161.16666666666666
25.4,31,20.3,-,70,5.3,9.6,22.2,136.75
25.2,30.4,20.7,-,69,5.3,10,24.1,50.91666666666666
26.2,31.7,21.8,-,76,4.2,9.1,20.6,120.20833333333331
26.4,32,20.4,-,70,5.1,8.9,22.2,137.125
26.8,34,20.3,-,66,5.6,9.6,22.2,197.08333333333331
25.8,32,19.8,-,70,5.5,8.7,20.6,166.375
25.7,31,20.1,-,72,5.6,8.9,22.2,126.58333333333331
26.1,31,21.4,-,70,5.5,8.3,18.3,94.91666666666669
25.7,32.3,19.6,-,63,6,8,20.6,133.95833333333334
27.1,32.3,21,-,74,6.1,10.9,18.3,69.25
27.8,32,22.8,-,78,5.8,12.8,24.1,79.29166666666667
28.3,31.6,24.5,-,75,6,14.4,25.9,31.625
28.2,31.6,25,-,74,6.3,12.2,25.9,20.416666666666668
28.4,32.6,23.4,-,74,6,8.3,22.2,61.125
28.5,33.1,25,-,73,6.4,10,24.1,49.58333333333334
28.3,33.1,23.9,-,74,5.8,10.7,22.2,34.916666666666664
28,33,23,-,73,5.1,10.2,22.2,47.5
28,33.1,24.1,-,73,6.1,8.5,16.5,128.83333333333334
28.8,33.1,23.2,-,71,6,13.1,24.1,56.33333333333334
28.4,33.1,24,-,73,6.6,11.5,22.2,20.291666666666668
28.6,35.2,21.8,-,70,6.1,10.6,20.6,59.16666666666666
27.9,34,23.1,-,73,5.3,8.1,20.6,83.83333333333333
29.1,36,23,-,62,5.3,9.4,18.3,89.375
29.1,34.3,23.9,-,73,5.1,11.7,22.2,101.375
28.7,33.3,24.2,-,71,5.6,10.4,18.3,109.75
29.2,33.7,24.3,-,70,6.1,12.2,22.2,42.91666666666666
30.1,34.3,26.3,-,72,6.4,12.2,24.1,47.25
29.8,34.2,26,-,76,6.8,12.4,22.2,81.20833333333333
30.6,36.3,26,-,71,6.8,14.3,24.1,52.29166666666666
31.4,38,25.9,-,71,6.6,16.3,25.9,28.45833333333333
30.6,35.6,26.2,-,73,6.6,13.3,22.2,49.5
30.6,35,25.6,-,73,6.8,13.9,27.8,75.16666666666667
30.7,34.8,26.7,-,72,7.1,12.4,24.1,53.125
28.3,34,23,-,71,5.5,12,25.9,54.70833333333334
29.2,34.4,22,-,63,6.8,14.4,24.1,52.625
26.3,34.4,23.9,-,87,5.3,5.6,18.3,51.375
30.2,35.3,25.2,-,72,7.4,10.4,20.6,94.33333333333331
30.7,34.3,26.1,-,71,7.4,12.6,22.2,92.91666666666669
30.7,34.7,27,-,74,6.9,11.9,24.1,80.20833333333333
30,35.8,22.5,-,67,6.6,12.4,22.2,71.66666666666667
30.8,35.4,26.9,-,72,7.2,11.1,22.2,31.83333333333333
30.4,34.6,26,-,73,7.1,11.1,24.1,47.66666666666666
31.9,37.1,27.3,-,74,6.6,15.2,22.2,48.125
32.1,38,25,-,69,6.1,14.6,24.1,56.25
31.1,37.7,24.4,-,73,5.8,12.6,22.2,103.41666666666669
31.4,36,26.8,-,71,6.6,13.7,25.9,76.875
31.7,36.2,27.1,-,71,6.1,13.1,25.9,86.375
32.1,37,26.5,-,69,6.4,12,18.3,77.70833333333333
28.4,35.2,26.7,-,81,5.6,7.2,14.8,48.5
29.2,32,25.9,-,84,5.5,8,14.8,55.08333333333334
28.8,34.1,26.6,-,84,6,6.3,18.3,67.45833333333333
32.5,38.2,27,-,70,6.8,16.5,24.1,18.875
33.1,39.6,27.4,-,65,6.4,15.7,22.2,61.5
33.7,40,27.7,-,64,6.4,17,25.9,68.91666666666667
34.6,42.4,29.5,-,56,6.6,16.7,24.1,77.375
33.6,42.4,28.2,-,61,6.1,15.7,24.1,63.91666666666666
30.9,39.6,27,-,64,5,19.4,29.4,63.66666666666666
32.6,38.6,27.6,-,67,6.3,15.4,22.2,63.625
29.5,38.8,27.3,-,73,5.1,10.4,16.5,25.45833333333333
30.4,37.8,26,-,67,5.6,12.8,22.2,20.75
31.1,37.8,25.3,-,66,6.6,12.8,18.3,40.5
32.4,38.9,27.8,-,69,6.4,16.3,22.2,64.83333333333333
32.2,38.9,27.5,-,66,6.3,16.3,25.9,63.0
30.9,38.4,26,-,67,6.4,13.1,24.1,73.83333333333333
31.9,37.5,26.9,-,64,7.2,16.5,22.2,31.875
31.6,38.1,25.8,-,67,6.3,13.5,22.2,54.95833333333334
32.4,38.1,26.4,-,52,6.4,14.4,20.6,77.75
29.4,33,24.8,-,71,5.3,12,25.9,75.33333333333333
30.9,34.2,26.4,-,60,6,15.9,25.9,32.583333333333336
32.6,38,26.8,-,51,6.4,18.3,37,28.375
33.6,39,28.2,-,52,6.6,16.3,27.8,28.54166666666667
33.9,38.8,26.7,-,49,6.6,18.1,29.4,51.04166666666666
32.1,38,27.8,-,58,5.3,15.6,25.9,40.0
31.8,38.6,25.6,-,62,6.6,15.2,22.2,37.583333333333336
32.2,39.1,27,-,59,6.1,15.4,24.1,37.625
32.4,39.1,26.3,-,59,6.6,14.6,22.2,34.375
32.6,40.3,28.4,-,53,6.4,18,25.9,42.29166666666666
32.8,40.3,28.2,-,54,6.1,17,27.8,45.66666666666666
33.2,40.3,28.3,-,52,6.6,16.3,25.9,40.625
32.4,39.8,26.5,-,58,6.4,15.9,22.2,26.875
32.2,39.8,26,-,62,5.5,11.1,18.3,30.70833333333333
30.4,37.3,27.1,-,69,5.6,10,20.6,10.208333333333334
30.7,38.8,23.3,-,62,6.3,15.7,22.2,43.04166666666666
31.2,37,25.9,-,60,6.3,16.7,22.2,19.416666666666668
30.7,37,25.4,-,66,6.6,16.9,27.8,8.416666666666666
30.7,36.6,26.2,-,68,6.3,14.1,24.1,0.0
30.3,36.6,24.8,-,69,6.4,12,22.2,0.0
29.4,36,23,-,74,5.8,12.4,25.9,4.833333333333333
29.9,35.3,24,-,69,6,10.7,24.1,15.375
29.4,35,21.8,-,74,5.6,10.4,25.9,19.83333333333333
28.9,34.1,23.2,-,79,6,9.8,18.3,25.79166666666667
30.6,35,25.7,-,70,5.8,10.6,20.6,22.70833333333333
29.9,36,26.2,-,72,5.8,9.3,14.8,31.33333333333333
30.9,36.5,24.8,-,68,6.3,10.2,24.1,47.41666666666666
31.2,37.1,26.2,-,65,6.8,11.7,22.2,33.791666666666664
31,36,26.7,-,68,6.4,9.8,14.8,39.04166666666666
30.6,36,25.3,-,71,6.1,8.5,20.6,41.708333333333336
30.7,37,25,-,71,6.3,10,20.6,28.75
30.7,34.8,26.4,-,71,6.6,12.6,22.2,12.25
30.1,37,24,-,74,6.1,10.9,18.3,14.5
27.3,36.2,22.4,-,85,5.6,7.6,14.8,23.91666666666667
31.2,36.4,26.2,-,65,6.6,11.3,24.1,27.375
30.9,36.4,26,-,66,6.4,11.7,20.6,29.20833333333333
29,35.2,24.8,-,75,5.8,10.6,18.3,36.5
30.7,37.3,23.7,-,73,6.4,10.2,14.8,27.83333333333333
31.7,36.8,26.7,-,69,6.1,12,22.2,44.125
31.1,37,25.7,-,71,6.3,11.5,18.3,62.25
30,36.8,26.1,-,76,6.1,12.2,18.3,60.125
28.3,36.5,25.8,-,78,5.8,11.3,18.3,34.666666666666664
30.1,35.2,24.7,-,72,6.3,14.3,22.2,39.208333333333336
29.5,35.2,24,-,73,6,10.7,37,38.708333333333336
30.3,36,25.6,-,67,6.6,15,22.2,69.95833333333333
30.7,36,25.2,-,66,6.3,13,27.8,94.375
31.3,36.6,26.7,-,61,6.3,14.1,25.9,85.75
30.6,35.8,25.7,-,75,6.1,9.8,18.3,51.66666666666666
30.1,36.2,24.6,-,74,6,9.6,18.3,39.41666666666666
30.2,36.2,22.7,-,73,6.8,9.4,14.8,23.95833333333333
31,37,26,-,71,6.6,11.1,18.3,43.5
30.7,37,25,-,74,6.1,10.7,18.3,50.41666666666666
29.6,36.8,26.3,-,76,5.6,7.4,18.3,55.70833333333334
28.9,34.5,24.6,-,82,5.3,8.9,20.6,57.125
29.5,36,24,-,76,5.8,11.1,22.2,69.375
28.1,36,22.8,-,84,6.1,8.7,16.5,65.375
29.1,35.5,24.7,-,79,6.1,9.4,18.3,112.29166666666669
29.4,35.5,22.4,-,79,6,10,16.5,97.70833333333331
29.2,34.3,25,-,79,6.1,8.3,14.8,80.70833333333333
29.6,35,23.9,-,76,6.3,7,16.5,81.625
29.8,36,24.1,-,73,5.8,6.3,16.5,65.375
29.3,34.6,24.4,-,76,5.6,8.1,18.3,84.375
29.5,34.3,25.2,-,80,5.8,8.7,22.2,141.95833333333334
30,34,25.1,-,75,6.1,7.8,22.2,153.375
28.9,34,25,-,74,6.1,8,18.3,162.875
28.4,33,23.2,-,76,5.6,6.9,20.6,0.0
28.6,33.2,23.8,-,75,6,8.5,24.1,49.33333333333334
28.4,33.9,23,-,78,5,10.9,22.2,107.33333333333331
26.4,31,24,-,91,5,4.4,18.3,273.625
26.4,32,24,-,90,4.5,3,11.1,256.9583333333333
28.2,32,22.6,-,83,5.8,6.7,14.8,185.08333333333331
27.3,32.1,24.6,-,89,4,4.8,20.6,249.5
26.9,32.5,24.1,-,90,4.7,5.9,14.8,365.75
25.7,30.3,23,-,95,2.4,14.8,29.4,241.875
26,27,22.6,-,92,2.9,23.5,37,176.875
25,31,23.2,-,96,2.1,5.7,16.5,353.04166666666674
26.7,29,22.5,1010.6,83,4.2,8.3,18.3,257.4166666666667
24.9,28.8,23,-,98,1.6,13.1,27.8,204.75
26.2,29.2,23,-,95,2.7,4.6,18.3,207.83333333333331
27.3,31.1,22.8,-,88,4.3,8.1,20.6,268.1666666666667
27.3,31.1,23.6,-,89,4.7,10,24.1,278.3333333333333
27.5,31,22,-,79,4.8,8.3,16.5,157.5
27.3,30.8,24.6,-,82,4.5,9.1,18.3,156.375
26.2,31,21.7,-,80,6,5,18.3,200.5
24.6,28.2,21.9,-,98,1.6,8.9,25.9,212.125
24.8,27,21.5,1012.7,93,3.4,5.4,13,190.5
25.4,28.8,21.5,1012.4,90,4.7,10.2,18.3,236.41666666666663
27,30,22.7,-,78,4.8,9.1,22.2,286.375
26.2,29.8,22.4,-,79,3.9,10,20.6,288.0833333333333
26.7,30,22.1,-,87,3.9,8.7,20.6,302.4583333333333
27.5,32,21.1,-,73,6.6,3.9,11.1,163.0
26.2,31.4,22.4,-,83,5.3,4.8,14.8,161.375
25.6,31,21,-,77,5,4.1,11.1,157.375
27.4,32,23.2,-,79,5.6,5.6,18.3,245.91666666666663
26.8,32,22,-,76,6,4.8,16.5,264.5833333333333
27.1,34,20.8,-,70,5.3,2.8,11.1,253.29166666666663
26.9,32,21.4,-,74,5.3,5.4,14.8,181.20833333333331
25.8,31,21.3,-,77,3.5,9.8,22.2,210.875
26.7,31,23,-,75,4.2,14.1,27.8,255.33333333333331
-,-,-,-,-,-,-,-,137.5
26.3,30.2,21.2,-,69,5,8.5,25.9,284.79583333333335
25.8,31,20.6,-,72,4.8,6.9,22.2,219.72083333333333
25.9,32,19.6,-,73,5.1,5.7,14.8,182.1875
26,31,20.2,-,68,5.6,6.5,22.2,154.03750000000005
25.9,31,21.1,-,67,5.1,6.9,18.3,223.20833333333331
25.2,30.3,20,-,67,5.1,5.4,16.5,200.64583333333337
25.3,31,19.5,-,66,4.5,6.9,18.3,285.225
25.6,31,19.9,-,62,4.7,7.6,18.3,236.825
25.2,31,19.4,-,65,5.5,6.1,16.5,276.90833333333336
27.6,31,21.6,-,69,5.6,7,16.5,108.0
27.4,30.8,23.5,-,74,4.3,5.9,14.8,107.625
27.8,32,23.6,-,71,4,6.9,14.8,125.89166666666668
26.4,31,21.6,-,70,5.3,8,18.3,181.01250000000005
26.3,31,20.8,-,71,4.3,5.6,14.8,152.55416666666667
26.3,31,20.9,-,68,4.3,4.6,14.8,152.32083333333338
25.9,32,21,-,70,4.8,5.7,13,319.7375
26.1,33,20.2,-,69,4.7,4.4,18.3,332.7083333333333
26,33,19.7,-,67,5.5,3.7,11.1,279.6
26.4,32.8,21,-,67,4.8,3.1,14.8,179.11666666666667
27.3,32,21.8,-,71,5.1,7.8,14.8,54.79166666666666
26.7,32,22.1,-,72,4.8,6.5,18.3,93.375
26.2,32,21.6,-,74,4.8,5.6,14.8,103.0
26.9,32.7,21.2,-,73,4.5,6.1,13,132.20833333333334
25.9,32.3,21.6,-,72,5.3,6.5,16.5,127.70833333333331
26.7,31.6,20.8,-,75,4.3,8,20.6,109.33333333333331
27.8,32.6,22.5,-,73,5.1,7.2,24.1,56.45833333333334
28.4,33,23.3,-,76,5.1,7.8,18.3,135.83333333333334
28.4,33.8,23.7,-,76,5.5,8.3,20.6,122.5
28.7,33.4,23.1,-,72,6.3,11.1,22.2,69.66666666666667
28.6,32.8,24,-,70,6.3,11.9,24.1,79.83333333333333
28.4,32.3,23,-,74,6.1,10.6,18.3,62.70833333333334
28.7,32.5,23.8,-,70,5.5,9.1,18.3,21.20833333333333
28.6,33.3,23.7,-,69,6,6.9,18.3,1.9166666666666667
28.2,33,23.1,-,66,5.8,8.5,22.2,1.8333333333333333
29.2,33.3,22.6,-,65,5.5,5.4,14.8,105.83333333333331
29.3,33.3,23.4,-,64,5.1,6.1,14.8,117.58333333333331
28.7,34,22.6,-,69,4.7,6.1,16.5,122.70833333333331
29.7,35.3,24.2,-,73,6.1,11.3,22.2,111.95833333333331
29.6,35.3,24.5,-,71,6,9.6,22.2,59.20833333333334
29.4,35,24.2,-,69,6.1,8.3,22.2,77.20833333333333
30,37,22.5,-,63,6.3,8.5,18.3,98.70833333333331
30.7,38,24.1,-,69,6.6,10.2,18.3,123.70833333333331
31.6,39,24.4,-,62,6.3,10.2,18.3,64.79166666666667
29.2,34.6,23.8,-,72,6,8.9,20.6,52.33333333333334
29.1,34.1,24.2,-,69,6.1,9.8,18.3,52.04166666666666
29.1,33.9,23,-,65,6,9.4,18.3,128.33333333333334
29.9,35,25.1,-,72,6.8,11.7,18.3,0.0
30.2,35,24.8,-,70,6.3,10.4,24.1,23.20833333333333
30.3,35.4,25.2,1011,70,6.1,9.1,18.3,15.166666666666664
30.6,36,25.2,-,70,6.6,11.5,20.6,21.25
30.9,36.4,26.4,-,74,6.3,12,25.9,81.83333333333333
30.7,36.2,26.4,-,73,6.6,10.9,22.2,105.33333333333331
30.5,35.3,24.8,-,70,6.6,10.2,22.2,117.75
32.3,38,27.2,-,70,6.3,12.6,18.3,84.5
32.2,38.8,28,-,69,6,14.4,22.2,46.91666666666666
31.9,39.2,27.7,-,69,6.6,11.7,18.3,104.625
31.2,36.3,27,-,70,6.8,11.5,24.1,110.875
31.7,36.1,26.2,-,70,7.1,14.1,24.1,42.95833333333334
32.3,37.5,27.4,-,69,6.8,15,25.9,0.0
33,38.5,28.5,-,64,6.6,16.7,24.1,120.875
31.7,38.6,27.7,-,70,6.3,12.4,22.2,79.91666666666667
31.4,37.2,26.8,-,72,6.8,11.7,20.6,0.0
32.3,39,26.7,-,63,6.9,15.2,22.2,94.75
32.2,39.4,26.7,-,65,6.6,14.4,25.9,142.5
32.7,38.8,27.7,-,67,6.9,13.9,24.1,133.375
31.9,37.2,27.8,-,66,6.4,12.8,22.2,147.83333333333334
32.2,37.2,27.1,-,67,6.6,9.8,22.2,158.29166666666666
32.1,37.5,28.6,-,69,6.4,9.8,22.2,149.58333333333334
32.3,38,27.6,-,65,6.8,12.4,27.8,101.5
32.3,38.3,27.3,-,66,6.8,11.1,24.1,106.5
32.2,37.9,27,-,65,7.6,10.7,22.2,128.125
28.5,33,23.4,-,71,5.3,16.7,25.9,101.95833333333331
31.1,35.2,25,-,65,6.6,13,22.2,98.41666666666669
32.7,38.9,26.9,-,64,6.4,11.9,18.3,94.375
34.6,41,28.1,-,55,6.6,12.8,27.8,107.625
33.9,41.2,29,-,57,6.3,11.9,22.2,110.41666666666669
32.4,40.6,28,-,64,6.1,13,22.2,95.83333333333331
32.7,39,27.7,-,61,6.6,11.1,18.3,72.25
32.5,39,27.8,-,60,6.4,11.1,18.3,38.66666666666666
31.6,39.4,27.4,-,67,6.3,10.9,16.5,45.375
31.8,38,27.8,-,66,6.3,10.2,18.3,65.16666666666667
29.6,36.8,22.4,-,78,5.5,8.3,18.3,66.08333333333333
29,36,24.2,-,81,5,8.7,18.3,77.66666666666667
31.2,36,25.5,-,71,6.6,10.9,18.3,70.25
33.1,38,28.7,-,53,6.8,12.6,22.2,56.29166666666666
33.2,38,28,-,53,6.6,13.7,24.1,77.0
33,38.3,28.5,-,50,6.6,14.6,24.1,32.958333333333336
30.7,35.7,25,-,69,6.1,10.7,22.2,80.625
29.3,36.5,23.5,-,73,6.3,8.3,14.8,90.70833333333331
29.3,35,25.2,-,74,6.6,9.4,22.2,97.29166666666669
28.2,34.4,24,-,74,5.3,12,27.8,50.70833333333334
28.1,33,23.1,-,76,5,8.7,27.8,40.375
28.8,33,23.6,-,74,6.4,7.2,20.6,49.41666666666666
31.4,35,26.2,-,59,6.6,15.6,22.2,61.875
31.1,36,27.7,-,64,5.6,13,24.1,0.0
31.2,36.5,27.4,-,64,6.4,10.7,22.2,29.66666666666667
29.3,36.8,24.5,-,73,5.6,9.3,27.8,49.125
30.9,34,24.4,-,63,6.3,13.9,24.1,43.66666666666666
32,36,27.2,-,54,6.8,16.9,27.8,29.83333333333333
31.9,37.3,27.1,-,59,6.3,11.7,22.2,35.208333333333336
31.7,37.7,27.6,-,60,6.3,12.6,18.3,37.625
31.1,37.5,26.8,-,66,5.8,11.7,18.3,41.458333333333336
28.6,35.5,24,-,77,5.5,5.9,14.8,38.583333333333336
29.3,33,23.6,-,71,6,9.8,18.3,36.0
29.3,32.9,25.4,-,68,5.3,12,22.2,70.58333333333333
29.2,35.1,25.7,-,73,6.8,12,22.2,33.166666666666664
29.6,33.7,24.7,-,71,6.3,9.1,18.3,38.25
29.7,34.2,25.8,-,76,5.8,10.4,18.3,26.58333333333333
29.6,34.5,23.6,-,69,6.4,10.7,24.1,15.416666666666664
29.7,34,26.7,-,63,5.8,13.1,24.1,41.375
30.5,34.4,25.8,-,54,6.3,13.7,22.2,25.54166666666667
31.3,35.5,26.1,-,51,6.6,16.1,27.8,28.375
32,37.1,27.6,-,56,6.6,10.7,22.2,50.33333333333334
31.6,37,26.9,-,62,6.1,12.2,22.2,35.375
30.7,37.9,26.6,-,66,6.3,12,22.2,31.91666666666667
30.6,36.8,26,-,66,6,13.5,22.2,35.291666666666664
31.6,37,25.5,-,61,6.3,12.4,18.3,26.83333333333333
32.6,37.4,27.4,-,51,6.8,12.4,22.2,21.125
31.9,38.4,27.4,-,58,7.1,13.7,24.1,35.708333333333336
32,38.3,26.8,-,63,6.3,10.9,20.6,43.58333333333334
31.7,38.4,26.8,-,67,6.1,12,22.2,46.04166666666666
30.1,38.3,26.6,-,70,5.8,9.8,18.3,82.875
28.6,34.6,25,-,77,4.7,6.9,13,64.91666666666667
28.1,33,24.6,-,80,5.1,9.6,27.8,30.66666666666667
28.3,35,23.3,-,81,6.3,10.6,14.8,34.416666666666664
28.9,35,24,-,78,5.6,9.6,22.2,33.166666666666664
29.4,36.1,23.5,-,75,5.1,8.1,27.8,30.625
29.1,35.6,25,-,75,5.3,10.4,22.2,30.33333333333333
30.6,36,26,-,62,6.8,11.3,18.3,0.0
30.8,36,25.2,-,64,6.6,9.6,14.8,0.0
30.2,36.5,26,-,70,5.5,8.7,18.3,0.0
29.3,32,25.8,-,74,6.1,7,18.3,76.875
28,32.3,25,-,81,5.1,7.8,18.3,83.45833333333333
29.2,35,24,-,76,5.1,9.4,22.2,71.66666666666667
30.7,37,26.7,-,68,6.6,9.8,18.3,69.70833333333333
27.8,35.5,25,-,79,5.3,5.7,13,62.375
25.8,28,25,-,86,5.5,11.1,14.8,24.875
31,35.5,26.2,-,64,6.3,13.1,22.2,43.95833333333334
31.2,37,26,-,68,6,11.3,18.3,41.5
30,35.9,25.4,-,77,4.8,9.3,14.8,38.79166666666666
30.7,35,25.4,-,70,5.5,9.3,18.3,30.33333333333333
29.9,35,26,-,76,6.3,9.6,14.8,26.66666666666667
29.7,34.6,25.8,-,74,6.4,9.8,16.5,29.0
30.7,36,26.8,-,71,5.1,7.8,14.8,61.70833333333334
30.8,37,26.6,-,68,6.1,10.9,22.2,60.54166666666666
30.2,36.8,26,-,68,6.8,10.7,18.3,41.583333333333336
30.2,36.4,26.4,-,70,5,7.6,18.3,80.04166666666667
29.6,34.5,25.4,-,68,4.8,6.5,22.2,82.83333333333333
28.8,34.2,24.3,-,66,5.1,7.2,18.3,95.25
28.7,35,23.6,-,67,5,5.6,16.5,126.16666666666669
28.7,34.9,24,-,68,4.7,4.8,16.5,136.70833333333334
28.9,34.6,23.7,-,58,4.5,4.8,14.8,160.66666666666666
28,34.9,22,-,54,5.3,4.6,14.8,245.66666666666663
28.7,35,22.4,-,55,5.3,6.3,16.5,261.6666666666667
28.4,35,23.4,-,57,4.8,5.4,14.8,272.4166666666667
28.1,33,24,-,79,5,5.9,16.5,149.625
27.6,33.4,24.1,-,82,4.8,7.6,22.2,99.70833333333331
26.4,33.3,23.3,-,91,3.2,2.8,18.3,217.375
27.1,30.3,23.1,-,86,4.2,7.2,18.3,309.375
27.8,34.5,23.6,-,76,3.4,5.6,20.6,321.5416666666667
26.8,33,22,-,66,3.7,8.5,16.5,278.0
26.2,31.7,20.4,-,58,4.7,6.7,22.2,192.33333333333331
-,-,-,-,-,-,-,-,153.29166666666666
28.8,32.3,24.2,-,74,6.6,8.5,14.8,196.75
28.6,33,23.7,-,74,6.6,5.9,14.8,221.54166666666663
28.4,33,22.9,-,77,4.5,10.4,20.6,210.54166666666663
26.2,31,22.2,-,72,4.7,7.2,16.5,130.70833333333334
26.4,31,22,-,72,4.5,7.8,18.3,194.70833333333331
26,31.5,21,-,70,4.3,7.4,18.3,250.875
25.7,31.8,20.4,-,66,4.2,5,14.8,110.0
24.8,31.7,19,-,66,4.2,4.1,16.5,160.0
24.5,32.1,19,-,77,2.9,4.6,14.8,217.91666666666663
24.6,30.3,22,-,89,2.4,11.5,22.2,118.91666666666669
25.7,30,22,-,85,3.4,12.6,27.8,176.375
25.7,29.5,21,-,92,3.2,5.6,18.3,185.95833333333331
25.7,31.2,21.2,-,82,3.7,4.8,14.8,239.125
25.8,30,22,-,79,4.5,5.6,14.8,365.29166666666674
25.1,30.2,20.3,-,67,4.5,5.2,18.3,312.2083333333333
26,29,20.3,-,84,5,10.4,18.3,121.33333333333331
26.2,30,21.2,-,82,5.5,6.9,16.5,202.875
26.7,31,22.1,-,79,4.7,8.1,18.3,260.1666666666667
25.4,30,20.3,-,73,4.3,8.7,22.2,277.7083333333333
25.8,30.3,21.7,-,77,4,8.3,22.2,284.1666666666667
26.1,31,21.6,-,76,4.3,5.2,14.8,288.4166666666667
24.4,29.3,18.7,-,68,4.7,5.7,18.3,166.91666666666666
25,29.8,19,-,73,4.2,8.1,20.6,169.0
26,30.5,21.2,-,74,5.3,9.6,22.2,186.04166666666663
-,-,-,-,-,-,-,-,108.08333333333331
26.3,30.2,21.2,-,69,5,8.5,25.9,284.79583333333335
25.8,31,20.6,-,72,4.8,6.9,22.2,219.72083333333333
25.9,32,19.6,-,73,5.1,5.7,14.8,182.1875
26,31,20.2,-,68,5.6,6.5,22.2,154.03750000000005
25.9,31,21.1,-,67,5.1,6.9,18.3,223.20833333333331
25.2,30.3,20,-,67,5.1,5.4,16.5,200.64583333333337
25.3,31,19.5,-,66,4.5,6.9,18.3,285.225
25.6,31,19.9,-,62,4.7,7.6,18.3,236.825
25.2,31,19.4,-,65,5.5,6.1,16.5,276.90833333333336
27.6,31,21.6,-,69,5.6,7,16.5,108.0
27.4,30.8,23.5,-,74,4.3,5.9,14.8,107.625
27.8,32,23.6,-,71,4,6.9,14.8,125.89166666666668
26.4,31,21.6,-,70,5.3,8,18.3,181.01250000000005
26.3,31,20.8,-,71,4.3,5.6,14.8,152.55416666666667
26.3,31,20.9,-,68,4.3,4.6,14.8,152.32083333333338
25.9,32,21,-,70,4.8,5.7,13,319.7375
26.1,33,20.2,-,69,4.7,4.4,18.3,332.7083333333333
26,33,19.7,-,67,5.5,3.7,11.1,279.6
26.4,32.8,21,-,67,4.8,3.1,14.8,179.11666666666667
27.3,32,21.8,-,71,5.1,7.8,14.8,54.79166666666666
26.7,32,22.1,-,72,4.8,6.5,18.3,93.375
26.2,32,21.6,-,74,4.8,5.6,14.8,103.0
26.9,32.7,21.2,-,73,4.5,6.1,13,132.20833333333334
25.9,32.3,21.6,-,72,5.3,6.5,16.5,127.70833333333331
26.7,31.6,20.8,-,75,4.3,8,20.6,109.33333333333331
27.8,32.6,22.5,-,73,5.1,7.2,24.1,56.45833333333334
28.4,33,23.3,-,76,5.1,7.8,18.3,135.83333333333334
28.4,33.8,23.7,-,76,5.5,8.3,20.6,122.5
28.7,33.4,23.1,-,72,6.3,11.1,22.2,69.66666666666667
28.6,32.8,24,-,70,6.3,11.9,24.1,79.83333333333333
28.4,32.3,23,-,74,6.1,10.6,18.3,62.70833333333334
28.7,32.5,23.8,-,70,5.5,9.1,18.3,21.20833333333333
28.6,33.3,23.7,-,69,6,6.9,18.3,1.9166666666666667
28.2,33,23.1,-,66,5.8,8.5,22.2,1.8333333333333333
29.2,33.3,22.6,-,65,5.5,5.4,14.8,105.83333333333331
29.3,33.3,23.4,-,64,5.1,6.1,14.8,117.58333333333331
28.7,34,22.6,-,69,4.7,6.1,16.5,122.70833333333331
29.7,35.3,24.2,-,73,6.1,11.3,22.2,111.95833333333331
29.6,35.3,24.5,-,71,6,9.6,22.2,59.20833333333334
29.4,35,24.2,-,69,6.1,8.3,22.2,77.20833333333333
30,37,22.5,-,63,6.3,8.5,18.3,98.70833333333331
30.7,38,24.1,-,69,6.6,10.2,18.3,123.70833333333331
31.6,39,24.4,-,62,6.3,10.2,18.3,64.79166666666667
29.2,34.6,23.8,-,72,6,8.9,20.6,52.33333333333334
29.1,34.1,24.2,-,69,6.1,9.8,18.3,52.04166666666666
29.1,33.9,23,-,65,6,9.4,18.3,128.33333333333334
29.9,35,25.1,-,72,6.8,11.7,18.3,0.0
30.2,35,24.8,-,70,6.3,10.4,24.1,23.20833333333333
30.3,35.4,25.2,1011,70,6.1,9.1,18.3,15.166666666666664
30.6,36,25.2,-,70,6.6,11.5,20.6,21.25
30.9,36.4,26.4,-,74,6.3,12,25.9,81.83333333333333
30.7,36.2,26.4,-,73,6.6,10.9,22.2,105.33333333333331
30.5,35.3,24.8,-,70,6.6,10.2,22.2,117.75
32.3,38,27.2,-,70,6.3,12.6,18.3,84.5
32.2,38.8,28,-,69,6,14.4,22.2,46.91666666666666
31.9,39.2,27.7,-,69,6.6,11.7,18.3,104.625
31.2,36.3,27,-,70,6.8,11.5,24.1,110.875
31.7,36.1,26.2,-,70,7.1,14.1,24.1,42.95833333333334
32.3,37.5,27.4,-,69,6.8,15,25.9,0.0
33,38.5,28.5,-,64,6.6,16.7,24.1,120.875
31.7,38.6,27.7,-,70,6.3,12.4,22.2,79.91666666666667
31.4,37.2,26.8,-,72,6.8,11.7,20.6,0.0
32.3,39,26.7,-,63,6.9,15.2,22.2,94.75
32.2,39.4,26.7,-,65,6.6,14.4,25.9,142.5
32.7,38.8,27.7,-,67,6.9,13.9,24.1,133.375
31.9,37.2,27.8,-,66,6.4,12.8,22.2,147.83333333333334
32.2,37.2,27.1,-,67,6.6,9.8,22.2,158.29166666666666
32.1,37.5,28.6,-,69,6.4,9.8,22.2,149.58333333333334
32.3,38,27.6,-,65,6.8,12.4,27.8,101.5
32.3,38.3,27.3,-,66,6.8,11.1,24.1,106.5
32.2,37.9,27,-,65,7.6,10.7,22.2,128.125
28.5,33,23.4,-,71,5.3,16.7,25.9,101.95833333333331
31.1,35.2,25,-,65,6.6,13,22.2,98.41666666666669
32.7,38.9,26.9,-,64,6.4,11.9,18.3,94.375
34.6,41,28.1,-,55,6.6,12.8,27.8,107.625
33.9,41.2,29,-,57,6.3,11.9,22.2,110.41666666666669
32.4,40.6,28,-,64,6.1,13,22.2,95.83333333333331
32.7,39,27.7,-,61,6.6,11.1,18.3,72.25
32.5,39,27.8,-,60,6.4,11.1,18.3,38.66666666666666
31.6,39.4,27.4,-,67,6.3,10.9,16.5,45.375
31.8,38,27.8,-,66,6.3,10.2,18.3,65.16666666666667
29.6,36.8,22.4,-,78,5.5,8.3,18.3,66.08333333333333
29,36,24.2,-,81,5,8.7,18.3,77.66666666666667
31.2,36,25.5,-,71,6.6,10.9,18.3,70.25
33.1,38,28.7,-,53,6.8,12.6,22.2,56.29166666666666
33.2,38,28,-,53,6.6,13.7,24.1,77.0
33,38.3,28.5,-,50,6.6,14.6,24.1,32.958333333333336
30.7,35.7,25,-,69,6.1,10.7,22.2,80.625
29.3,36.5,23.5,-,73,6.3,8.3,14.8,90.70833333333331
29.3,35,25.2,-,74,6.6,9.4,22.2,97.29166666666669
28.2,34.4,24,-,74,5.3,12,27.8,50.70833333333334
28.1,33,23.1,-,76,5,8.7,27.8,40.375
28.8,33,23.6,-,74,6.4,7.2,20.6,49.41666666666666
31.4,35,26.2,-,59,6.6,15.6,22.2,61.875
31.1,36,27.7,-,64,5.6,13,24.1,0.0
31.2,36.5,27.4,-,64,6.4,10.7,22.2,29.66666666666667
29.3,36.8,24.5,-,73,5.6,9.3,27.8,49.125
30.9,34,24.4,-,63,6.3,13.9,24.1,43.66666666666666
32,36,27.2,-,54,6.8,16.9,27.8,29.83333333333333
31.9,37.3,27.1,-,59,6.3,11.7,22.2,35.208333333333336
31.7,37.7,27.6,-,60,6.3,12.6,18.3,37.625
31.1,37.5,26.8,-,66,5.8,11.7,18.3,41.458333333333336
28.6,35.5,24,-,77,5.5,5.9,14.8,38.583333333333336
29.3,33,23.6,-,71,6,9.8,18.3,36.0
29.3,32.9,25.4,-,68,5.3,12,22.2,70.58333333333333
29.2,35.1,25.7,-,73,6.8,12,22.2,33.166666666666664
29.6,33.7,24.7,-,71,6.3,9.1,18.3,38.25
29.7,34.2,25.8,-,76,5.8,10.4,18.3,26.58333333333333
29.6,34.5,23.6,-,69,6.4,10.7,24.1,15.416666666666664
29.7,34,26.7,-,63,5.8,13.1,24.1,41.375
30.5,34.4,25.8,-,54,6.3,13.7,22.2,25.54166666666667
31.3,35.5,26.1,-,51,6.6,16.1,27.8,28.375
32,37.1,27.6,-,56,6.6,10.7,22.2,50.33333333333334
31.6,37,26.9,-,62,6.1,12.2,22.2,35.375
30.7,37.9,26.6,-,66,6.3,12,22.2,31.91666666666667
30.6,36.8,26,-,66,6,13.5,22.2,35.291666666666664
31.6,37,25.5,-,61,6.3,12.4,18.3,26.83333333333333
32.6,37.4,27.4,-,51,6.8,12.4,22.2,21.125
31.9,38.4,27.4,-,58,7.1,13.7,24.1,35.708333333333336
32,38.3,26.8,-,63,6.3,10.9,20.6,43.58333333333334
31.7,38.4,26.8,-,67,6.1,12,22.2,46.04166666666666
30.1,38.3,26.6,-,70,5.8,9.8,18.3,82.875
28.6,34.6,25,-,77,4.7,6.9,13,64.91666666666667
28.1,33,24.6,-,80,5.1,9.6,27.8,30.66666666666667
28.3,35,23.3,-,81,6.3,10.6,14.8,34.416666666666664
28.9,35,24,-,78,5.6,9.6,22.2,33.166666666666664
29.4,36.1,23.5,-,75,5.1,8.1,27.8,30.625
29.1,35.6,25,-,75,5.3,10.4,22.2,30.33333333333333
30.6,36,26,-,62,6.8,11.3,18.3,0.0
30.8,36,25.2,-,64,6.6,9.6,14.8,0.0
30.2,36.5,26,-,70,5.5,8.7,18.3,0.0
29.3,32,25.8,-,74,6.1,7,18.3,76.875
28,32.3,25,-,81,5.1,7.8,18.3,83.45833333333333
29.2,35,24,-,76,5.1,9.4,22.2,71.66666666666667
30.7,37,26.7,-,68,6.6,9.8,18.3,69.70833333333333
27.8,35.5,25,-,79,5.3,5.7,13,62.375
25.8,28,25,-,86,5.5,11.1,14.8,24.875
31,35.5,26.2,-,64,6.3,13.1,22.2,43.95833333333334
31.2,37,26,-,68,6,11.3,18.3,41.5
30,35.9,25.4,-,77,4.8,9.3,14.8,38.79166666666666
30.7,35,25.4,-,70,5.5,9.3,18.3,30.33333333333333
29.9,35,26,-,76,6.3,9.6,14.8,26.66666666666667
29.7,34.6,25.8,-,74,6.4,9.8,16.5,29.0
30.7,36,26.8,-,71,5.1,7.8,14.8,61.70833333333334
30.8,37,26.6,-,68,6.1,10.9,22.2,60.54166666666666
30.2,36.8,26,-,68,6.8,10.7,18.3,41.583333333333336
30.2,36.4,26.4,-,70,5,7.6,18.3,80.04166666666667
29.6,34.5,25.4,-,68,4.8,6.5,22.2,82.83333333333333
28.8,34.2,24.3,-,66,5.1,7.2,18.3,95.25
28.7,35,23.6,-,67,5,5.6,16.5,126.16666666666669
28.7,34.9,24,-,68,4.7,4.8,16.5,136.70833333333334
28.9,34.6,23.7,-,58,4.5,4.8,14.8,160.66666666666666
28,34.9,22,-,54,5.3,4.6,14.8,245.66666666666663
28.7,35,22.4,-,55,5.3,6.3,16.5,261.6666666666667
28.4,35,23.4,-,57,4.8,5.4,14.8,272.4166666666667
28.1,33,24,-,79,5,5.9,16.5,149.625
27.6,33.4,24.1,-,82,4.8,7.6,22.2,99.70833333333331
26.4,33.3,23.3,-,91,3.2,2.8,18.3,217.375
27.1,30.3,23.1,-,86,4.2,7.2,18.3,309.375
27.8,34.5,23.6,-,76,3.4,5.6,20.6,321.5416666666667
26.8,33,22,-,66,3.7,8.5,16.5,278.0
26.2,31.7,20.4,-,58,4.7,6.7,22.2,192.33333333333331
-,-,-,-,-,-,-,-,153.29166666666666
28.8,32.3,24.2,-,74,6.6,8.5,14.8,196.75
28.6,33,23.7,-,74,6.6,5.9,14.8,221.54166666666663
28.4,33,22.9,-,77,4.5,10.4,20.6,210.54166666666663
26.2,31,22.2,-,72,4.7,7.2,16.5,130.70833333333334
26.4,31,22,-,72,4.5,7.8,18.3,194.70833333333331
26,31.5,21,-,70,4.3,7.4,18.3,250.875
25.7,31.8,20.4,-,66,4.2,5,14.8,110.0
24.8,31.7,19,-,66,4.2,4.1,16.5,160.0
24.5,32.1,19,-,77,2.9,4.6,14.8,217.91666666666663
24.6,30.3,22,-,89,2.4,11.5,22.2,118.91666666666669
25.7,30,22,-,85,3.4,12.6,27.8,176.375
25.7,29.5,21,-,92,3.2,5.6,18.3,185.95833333333331
25.7,31.2,21.2,-,82,3.7,4.8,14.8,239.125
25.8,30,22,-,79,4.5,5.6,14.8,365.29166666666674
25.1,30.2,20.3,-,67,4.5,5.2,18.3,312.2083333333333
26,29,20.3,-,84,5,10.4,18.3,121.33333333333331
26.2,30,21.2,-,82,5.5,6.9,16.5,202.875
26.7,31,22.1,-,79,4.7,8.1,18.3,260.1666666666667
25.4,30,20.3,-,73,4.3,8.7,22.2,277.7083333333333
25.8,30.3,21.7,-,77,4,8.3,22.2,284.1666666666667
26.1,31,21.6,-,76,4.3,5.2,14.8,288.4166666666667
24.4,29.3,18.7,-,68,4.7,5.7,18.3,166.91666666666666
25,29.8,19,-,73,4.2,8.1,20.6,169.0
26,30.5,21.2,-,74,5.3,9.6,22.2,186.04166666666663
-,-,-,-,-,-,-,-,108.08333333333331
26.3,30.2,21.2,-,69,5,8.5,25.9,284.79583333333335
25.8,31,20.6,-,72,4.8,6.9,22.2,219.72083333333333
25.9,32,19.6,-,73,5.1,5.7,14.8,182.1875
26,31,20.2,-,68,5.6,6.5,22.2,154.03750000000005
25.9,31,21.1,-,67,5.1,6.9,18.3,223.20833333333331
25.2,30.3,20,-,67,5.1,5.4,16.5,200.64583333333337
25.3,31,19.5,-,66,4.5,6.9,18.3,285.225
25.6,31,19.9,-,62,4.7,7.6,18.3,236.825
25.2,31,19.4,-,65,5.5,6.1,16.5,276.90833333333336
27.6,31,21.6,-,69,5.6,7,16.5,108.0
27.4,30.8,23.5,-,74,4.3,5.9,14.8,107.625
27.8,32,23.6,-,71,4,6.9,14.8,125.89166666666668
26.4,31,21.6,-,70,5.3,8,18.3,181.01250000000005
26.3,31,20.8,-,71,4.3,5.6,14.8,152.55416666666667
26.3,31,20.9,-,68,4.3,4.6,14.8,152.32083333333338
25.9,32,21,-,70,4.8,5.7,13,319.7375
26.1,33,20.2,-,69,4.7,4.4,18.3,332.7083333333333
26,33,19.7,-,67,5.5,3.7,11.1,279.6
26.4,32.8,21,-,67,4.8,3.1,14.8,179.11666666666667
27.3,32,21.8,-,71,5.1,7.8,14.8,54.79166666666666
26.7,32,22.1,-,72,4.8,6.5,18.3,93.375
26.2,32,21.6,-,74,4.8,5.6,14.8,103.0
26.9,32.7,21.2,-,73,4.5,6.1,13,132.20833333333334
25.9,32.3,21.6,-,72,5.3,6.5,16.5,127.70833333333331
26.7,31.6,20.8,-,75,4.3,8,20.6,109.33333333333331
27.8,32.6,22.5,-,73,5.1,7.2,24.1,56.45833333333334
28.4,33,23.3,-,76,5.1,7.8,18.3,135.83333333333334
28.4,33.8,23.7,-,76,5.5,8.3,20.6,122.5
28.7,33.4,23.1,-,72,6.3,11.1,22.2,69.66666666666667
28.6,32.8,24,-,70,6.3,11.9,24.1,79.83333333333333
28.4,32.3,23,-,74,6.1,10.6,18.3,62.70833333333334
28.7,32.5,23.8,-,70,5.5,9.1,18.3,21.20833333333333
28.6,33.3,23.7,-,69,6,6.9,18.3,1.9166666666666667
28.2,33,23.1,-,66,5.8,8.5,22.2,1.8333333333333333
29.2,33.3,22.6,-,65,5.5,5.4,14.8,105.83333333333331
29.3,33.3,23.4,-,64,5.1,6.1,14.8,117.58333333333331
28.7,34,22.6,-,69,4.7,6.1,16.5,122.70833333333331
29.7,35.3,24.2,-,73,6.1,11.3,22.2,111.95833333333331
29.6,35.3,24.5,-,71,6,9.6,22.2,59.20833333333334
29.4,35,24.2,-,69,6.1,8.3,22.2,77.20833333333333
30,37,22.5,-,63,6.3,8.5,18.3,98.70833333333331
30.7,38,24.1,-,69,6.6,10.2,18.3,123.70833333333331
31.6,39,24.4,-,62,6.3,10.2,18.3,64.79166666666667
29.2,34.6,23.8,-,72,6,8.9,20.6,52.33333333333334
29.1,34.1,24.2,-,69,6.1,9.8,18.3,52.04166666666666
29.1,33.9,23,-,65,6,9.4,18.3,128.33333333333334
29.9,35,25.1,-,72,6.8,11.7,18.3,0.0
30.2,35,24.8,-,70,6.3,10.4,24.1,23.20833333333333
30.3,35.4,25.2,1011,70,6.1,9.1,18.3,15.166666666666664
30.6,36,25.2,-,70,6.6,11.5,20.6,21.25
30.9,36.4,26.4,-,74,6.3,12,25.9,81.83333333333333
30.7,36.2,26.4,-,73,6.6,10.9,22.2,105.33333333333331
30.5,35.3,24.8,-,70,6.6,10.2,22.2,117.75
32.3,38,27.2,-,70,6.3,12.6,18.3,84.5
32.2,38.8,28,-,69,6,14.4,22.2,46.91666666666666
31.9,39.2,27.7,-,69,6.6,11.7,18.3,104.625
31.2,36.3,27,-,70,6.8,11.5,24.1,110.875
31.7,36.1,26.2,-,70,7.1,14.1,24.1,42.95833333333334
32.3,37.5,27.4,-,69,6.8,15,25.9,0.0
33,38.5,28.5,-,64,6.6,16.7,24.1,120.875
31.7,38.6,27.7,-,70,6.3,12.4,22.2,79.91666666666667
31.4,37.2,26.8,-,72,6.8,11.7,20.6,0.0
32.3,39,26.7,-,63,6.9,15.2,22.2,94.75
32.2,39.4,26.7,-,65,6.6,14.4,25.9,142.5
32.7,38.8,27.7,-,67,6.9,13.9,24.1,133.375
31.9,37.2,27.8,-,66,6.4,12.8,22.2,147.83333333333334
32.2,37.2,27.1,-,67,6.6,9.8,22.2,158.29166666666666
32.1,37.5,28.6,-,69,6.4,9.8,22.2,149.58333333333334
32.3,38,27.6,-,65,6.8,12.4,27.8,101.5
32.3,38.3,27.3,-,66,6.8,11.1,24.1,106.5
32.2,37.9,27,-,65,7.6,10.7,22.2,128.125
28.5,33,23.4,-,71,5.3,16.7,25.9,101.95833333333331
31.1,35.2,25,-,65,6.6,13,22.2,98.41666666666669
32.7,38.9,26.9,-,64,6.4,11.9,18.3,94.375
34.6,41,28.1,-,55,6.6,12.8,27.8,107.625
33.9,41.2,29,-,57,6.3,11.9,22.2,110.41666666666669
32.4,40.6,28,-,64,6.1,13,22.2,95.83333333333331
32.7,39,27.7,-,61,6.6,11.1,18.3,72.25
32.5,39,27.8,-,60,6.4,11.1,18.3,38.66666666666666
31.6,39.4,27.4,-,67,6.3,10.9,16.5,45.375
31.8,38,27.8,-,66,6.3,10.2,18.3,65.16666666666667
29.6,36.8,22.4,-,78,5.5,8.3,18.3,66.08333333333333
29,36,24.2,-,81,5,8.7,18.3,77.66666666666667
31.2,36,25.5,-,71,6.6,10.9,18.3,70.25
33.1,38,28.7,-,53,6.8,12.6,22.2,56.29166666666666
33.2,38,28,-,53,6.6,13.7,24.1,77.0
33,38.3,28.5,-,50,6.6,14.6,24.1,32.958333333333336
30.7,35.7,25,-,69,6.1,10.7,22.2,80.625
29.3,36.5,23.5,-,73,6.3,8.3,14.8,90.70833333333331
29.3,35,25.2,-,74,6.6,9.4,22.2,97.29166666666669
28.2,34.4,24,-,74,5.3,12,27.8,50.70833333333334
28.1,33,23.1,-,76,5,8.7,27.8,40.375
28.8,33,23.6,-,74,6.4,7.2,20.6,49.41666666666666
31.4,35,26.2,-,59,6.6,15.6,22.2,61.875
31.1,36,27.7,-,64,5.6,13,24.1,0.0
31.2,36.5,27.4,-,64,6.4,10.7,22.2,29.66666666666667
29.3,36.8,24.5,-,73,5.6,9.3,27.8,49.125
30.9,34,24.4,-,63,6.3,13.9,24.1,43.66666666666666
32,36,27.2,-,54,6.8,16.9,27.8,29.83333333333333
31.9,37.3,27.1,-,59,6.3,11.7,22.2,35.208333333333336
31.7,37.7,27.6,-,60,6.3,12.6,18.3,37.625
31.1,37.5,26.8,-,66,5.8,11.7,18.3,41.458333333333336
28.6,35.5,24,-,77,5.5,5.9,14.8,38.583333333333336
29.3,33,23.6,-,71,6,9.8,18.3,36.0
29.3,32.9,25.4,-,68,5.3,12,22.2,70.58333333333333
29.2,35.1,25.7,-,73,6.8,12,22.2,33.166666666666664
29.6,33.7,24.7,-,71,6.3,9.1,18.3,38.25
29.7,34.2,25.8,-,76,5.8,10.4,18.3,26.58333333333333
29.6,34.5,23.6,-,69,6.4,10.7,24.1,15.416666666666664
29.7,34,26.7,-,63,5.8,13.1,24.1,41.375
30.5,34.4,25.8,-,54,6.3,13.7,22.2,25.54166666666667
31.3,35.5,26.1,-,51,6.6,16.1,27.8,28.375
32,37.1,27.6,-,56,6.6,10.7,22.2,50.33333333333334
31.6,37,26.9,-,62,6.1,12.2,22.2,35.375
30.7,37.9,26.6,-,66,6.3,12,22.2,31.91666666666667
30.6,36.8,26,-,66,6,13.5,22.2,35.291666666666664
31.6,37,25.5,-,61,6.3,12.4,18.3,26.83333333333333
32.6,37.4,27.4,-,51,6.8,12.4,22.2,21.125
31.9,38.4,27.4,-,58,7.1,13.7,24.1,35.708333333333336
32,38.3,26.8,-,63,6.3,10.9,20.6,43.58333333333334
31.7,38.4,26.8,-,67,6.1,12,22.2,46.04166666666666
30.1,38.3,26.6,-,70,5.8,9.8,18.3,82.875
28.6,34.6,25,-,77,4.7,6.9,13,64.91666666666667
28.1,33,24.6,-,80,5.1,9.6,27.8,30.66666666666667
28.3,35,23.3,-,81,6.3,10.6,14.8,34.416666666666664
28.9,35,24,-,78,5.6,9.6,22.2,33.166666666666664
29.4,36.1,23.5,-,75,5.1,8.1,27.8,30.625
29.1,35.6,25,-,75,5.3,10.4,22.2,30.33333333333333
30.6,36,26,-,62,6.8,11.3,18.3,0.0
30.8,36,25.2,-,64,6.6,9.6,14.8,0.0
30.2,36.5,26,-,70,5.5,8.7,18.3,0.0
29.3,32,25.8,-,74,6.1,7,18.3,76.875
28,32.3,25,-,81,5.1,7.8,18.3,83.45833333333333
29.2,35,24,-,76,5.1,9.4,22.2,71.66666666666667
30.7,37,26.7,-,68,6.6,9.8,18.3,69.70833333333333
27.8,35.5,25,-,79,5.3,5.7,13,62.375
25.8,28,25,-,86,5.5,11.1,14.8,24.875
31,35.5,26.2,-,64,6.3,13.1,22.2,43.95833333333334
31.2,37,26,-,68,6,11.3,18.3,41.5
30,35.9,25.4,-,77,4.8,9.3,14.8,38.79166666666666
30.7,35,25.4,-,70,5.5,9.3,18.3,30.33333333333333
29.9,35,26,-,76,6.3,9.6,14.8,26.66666666666667
29.7,34.6,25.8,-,74,6.4,9.8,16.5,29.0
30.7,36,26.8,-,71,5.1,7.8,14.8,61.70833333333334
30.8,37,26.6,-,68,6.1,10.9,22.2,60.54166666666666
30.2,36.8,26,-,68,6.8,10.7,18.3,41.583333333333336
30.2,36.4,26.4,-,70,5,7.6,18.3,80.04166666666667
29.6,34.5,25.4,-,68,4.8,6.5,22.2,82.83333333333333
28.8,34.2,24.3,-,66,5.1,7.2,18.3,95.25
28.7,35,23.6,-,67,5,5.6,16.5,126.16666666666669
28.7,34.9,24,-,68,4.7,4.8,16.5,136.70833333333334
28.9,34.6,23.7,-,58,4.5,4.8,14.8,160.66666666666666
28,34.9,22,-,54,5.3,4.6,14.8,245.66666666666663
28.7,35,22.4,-,55,5.3,6.3,16.5,261.6666666666667
28.4,35,23.4,-,57,4.8,5.4,14.8,272.4166666666667
28.1,33,24,-,79,5,5.9,16.5,149.625
27.6,33.4,24.1,-,82,4.8,7.6,22.2,99.70833333333331
26.4,33.3,23.3,-,91,3.2,2.8,18.3,217.375
27.1,30.3,23.1,-,86,4.2,7.2,18.3,309.375
27.8,34.5,23.6,-,76,3.4,5.6,20.6,321.5416666666667
26.8,33,22,-,66,3.7,8.5,16.5,278.0
26.2,31.7,20.4,-,58,4.7,6.7,22.2,192.33333333333331
-,-,-,-,-,-,-,-,153.29166666666666
28.8,32.3,24.2,-,74,6.6,8.5,14.8,196.75
28.6,33,23.7,-,74,6.6,5.9,14.8,221.54166666666663
28.4,33,22.9,-,77,4.5,10.4,20.6,210.54166666666663
26.2,31,22.2,-,72,4.7,7.2,16.5,130.70833333333334
26.4,31,22,-,72,4.5,7.8,18.3,194.70833333333331
26,31.5,21,-,70,4.3,7.4,18.3,250.875
25.7,31.8,20.4,-,66,4.2,5,14.8,110.0
24.8,31.7,19,-,66,4.2,4.1,16.5,160.0
24.5,32.1,19,-,77,2.9,4.6,14.8,217.91666666666663
24.6,30.3,22,-,89,2.4,11.5,22.2,118.91666666666669
25.7,30,22,-,85,3.4,12.6,27.8,176.375
25.7,29.5,21,-,92,3.2,5.6,18.3,185.95833333333331
25.7,31.2,21.2,-,82,3.7,4.8,14.8,239.125
25.8,30,22,-,79,4.5,5.6,14.8,365.29166666666674
25.1,30.2,20.3,-,67,4.5,5.2,18.3,312.2083333333333
26,29,20.3,-,84,5,10.4,18.3,121.33333333333331
26.2,30,21.2,-,82,5.5,6.9,16.5,202.875
26.7,31,22.1,-,79,4.7,8.1,18.3,260.1666666666667
25.4,30,20.3,-,73,4.3,8.7,22.2,277.7083333333333
25.8,30.3,21.7,-,77,4,8.3,22.2,284.1666666666667
26.1,31,21.6,-,76,4.3,5.2,14.8,288.4166666666667
24.4,29.3,18.7,-,68,4.7,5.7,18.3,166.91666666666666
25,29.8,19,-,73,4.2,8.1,20.6,169.0
26,30.5,21.2,-,74,5.3,9.6,22.2,186.04166666666663
-,-,-,-,-,-,-,-,108.08333333333331
